algorithm,q_fft,q_elem,F_image_epoch_N64_gflops,F_image_epoch_N128_gflops,F_image_epoch_N256_gflops
pie,2.0,80.0,0.0008192,0.00360448,0.01572864
dm,4.0,120.0,0.00147456,0.0065536,0.02883584
lsqml,2.0,120.0,0.00098304,0.00425984,0.01835008
bh,2.0,160.0,0.00114688,0.0049152,0.02097152
ad_ptycho,4.0,180.0,0.00172032,0.00753664,0.032768
